owner_age,education_level,business_experience_years,business_age_years,entrepreneurship_training,digital_literacy,family_support,business_network,initial_investment_inr,finance_access,loan_access,financial_literacy,reinvestment_capacity,employees,previous_annual_revenue_inr,monthly_customers,customer_retention,inventory_management,supplier_access,digital_marketing,social_media_presence,online_sales,digital_payment_adoption,digital_inventory_management,competition_level,market_access,product_diversity,seasonal_demand,government_scheme_awareness,pmegp_awareness,pmegp_assistance,mudra_access,standup_india_awareness,government_training,government_subsidy,government_market_linkage,owner_household_size
31,Undergraduate,1.0,9.2,No,Medium,High,Low,220000,Good,Yes,High,Low,9,301000,189,Medium,Manual,Good,Medium,Active,No,Low,No,Medium,Moderate,Medium,Medium,High,Yes,No,No,Yes,No,No,No,4
35,Diploma,6.8,1.7,No,Medium,Medium,Medium,658000,Moderate,No,Low,Low,5,2107000,239,Medium,Basic_Digital,Moderate,Medium,Active,Yes,Medium,No,Medium,Limited,Medium,Medium,Medium,No,No,No,No,Yes,No,No,9
41,Undergraduate,5.2,2.4,No,High,Medium,Medium,1102000,Good,No,Low,High,6,735000,175,Medium,Basic_Digital,Difficult,Low,No,No,Medium,Basic,Low,Moderate,Low,Medium,Low,No,No,No,Yes,Yes,No,No,8
38,Undergraduate,2.1,1.7,Yes,High,Low,Medium,255000,Limited,No,High,High,3,1542000,57,Medium,Basic_Digital,Moderate,Medium,Basic,Yes,Low,No,Low,Limited,Medium,Medium,Medium,No,No,Yes,No,Yes,No,Yes,6
40,Diploma,17.1,9.4,Yes,Medium,Medium,Medium,448000,Good,No,Medium,Medium,3,2890000,157,Low,Manual,Good,Low,Basic,Yes,Medium,Basic,Low,Moderate,Low,Medium,Medium,No,No,No,No,No,Yes,No,6
28,Postgraduate,3.8,7.2,Yes,Low,Medium,Low,237000,Moderate,No,Medium,Low,2,873000,61,High,Manual,Difficult,Medium,No,Yes,High,Basic,High,Moderate,Medium,High,Medium,No,No,Yes,Yes,Yes,No,No,5
21,Diploma,4.3,2.4,Yes,High,Medium,Medium,1021000,Good,Yes,Low,Medium,4,180000,219,Low,Manual,Moderate,Medium,Basic,Yes,Medium,No,High,Limited,High,Medium,Medium,No,No,No,No,Yes,No,No,2
42,Undergraduate,4.6,13.6,No,High,Medium,Low,414000,Good,No,Medium,Medium,3,4340000,131,Medium,Basic_Digital,Good,High,Active,No,High,Advanced,High,Good,High,Medium,Medium,No,No,No,Yes,Yes,No,No,5
45,Undergraduate,3.0,6.7,Yes,High,High,Low,310000,Moderate,No,Medium,High,6,1254000,177,Medium,Basic_Digital,Good,Medium,Active,No,Medium,No,Medium,Good,Medium,High,Low,No,No,No,No,Yes,No,No,4
43,School,4.2,0.8,No,Medium,Low,High,131000,Good,No,Medium,High,5,2525000,89,High,Manual,Difficult,Low,Basic,No,High,No,High,Good,Medium,High,Low,No,Yes,No,Yes,Yes,No,No,5
32,Undergraduate,1.9,5.9,No,High,High,Low,92000,Limited,No,High,High,4,713000,142,Medium,Basic_Digital,Good,High,Active,No,High,No,Low,Good,Medium,Medium,Medium,Yes,No,No,No,Yes,No,No,3
26,Undergraduate,3.0,3.1,Yes,High,High,Medium,1084000,Good,Yes,Low,Medium,9,558000,171,Medium,Basic_Digital,Good,Medium,Active,No,High,Advanced,High,Moderate,Medium,Medium,Medium,Yes,No,Yes,No,No,No,No,8
31,Diploma,2.5,3.5,No,High,High,Medium,856000,Limited,No,High,Medium,5,553000,200,Low,Manual,Moderate,Medium,Active,Yes,High,No,Medium,Moderate,Low,Low,Low,No,No,No,No,No,No,Yes,2
40,Undergraduate,5.9,14.3,No,Low,High,Medium,535000,Limited,Yes,High,Medium,2,502000,167,Medium,Basic_Digital,Moderate,High,Active,Yes,High,Basic,High,Moderate,Medium,Medium,Medium,No,No,No,No,No,No,No,3
38,Postgraduate,6.0,2.3,No,Medium,Low,Medium,177000,Good,No,High,Low,5,3455000,200,High,Basic_Digital,Moderate,Medium,Basic,No,High,No,High,Good,Low,High,Low,Yes,No,No,No,Yes,No,No,5
42,Undergraduate,6.5,4.2,No,Medium,Medium,Low,1362000,Limited,Yes,High,High,7,839000,159,Medium,Basic_Digital,Moderate,Medium,Active,No,High,No,Low,Limited,Low,Medium,Medium,Yes,No,No,No,No,No,No,4
35,Diploma,8.3,3.1,Yes,Medium,Low,Low,258000,Limited,Yes,Low,High,2,3520000,177,High,Advanced_Digital,Moderate,Medium,Active,Yes,High,Advanced,Medium,Moderate,Medium,High,High,Yes,No,Yes,No,No,Yes,No,2
24,Diploma,2.5,11.9,Yes,Medium,High,Medium,517000,Limited,Yes,Low,Low,2,260000,122,Medium,Basic_Digital,Moderate,High,Active,No,Medium,Basic,Low,Good,High,High,Low,No,Yes,No,Yes,No,Yes,No,5
25,Undergraduate,8.9,2.3,Yes,High,High,Medium,210000,Good,Yes,High,High,3,5398000,93,High,Basic_Digital,Difficult,Medium,Active,No,High,No,Medium,Moderate,Medium,High,High,No,No,No,Yes,No,No,No,4
39,Diploma,6.1,4.6,Yes,Medium,Medium,Medium,535000,Moderate,Yes,High,Medium,5,2757000,66,Medium,Manual,Moderate,Medium,Active,No,Medium,Advanced,Medium,Moderate,Medium,Medium,Medium,Yes,No,No,No,Yes,Yes,No,5
21,School,6.9,10.1,Yes,High,High,High,723000,Moderate,No,Low,Low,3,733000,129,Low,Advanced_Digital,Moderate,Medium,Basic,No,High,Advanced,Medium,Moderate,Medium,High,High,No,No,No,No,Yes,No,No,2
22,Undergraduate,4.8,0.9,Yes,High,High,Medium,155000,Moderate,No,Low,Medium,7,2040000,199,Low,Advanced_Digital,Moderate,Medium,Active,No,Medium,Basic,Medium,Moderate,High,Low,High,Yes,No,No,No,No,No,Yes,4
43,Postgraduate,1.4,11.5,No,High,Medium,Medium,476000,Limited,No,High,High,2,216000,187,High,Manual,Difficult,High,Basic,Yes,Low,No,High,Moderate,Medium,Low,Low,No,No,Yes,Yes,No,No,No,4
39,Undergraduate,3.5,11.2,Yes,Medium,Low,Medium,258000,Limited,Yes,Low,Low,5,3049000,54,Medium,Basic_Digital,Moderate,Low,Basic,Yes,Medium,No,Medium,Good,Medium,Medium,Medium,No,No,Yes,No,No,Yes,No,3
41,Undergraduate,2.8,6.8,No,High,Medium,Medium,703000,Moderate,Yes,Medium,Medium,4,2376000,211,High,Manual,Moderate,Medium,No,No,Medium,No,High,Limited,Low,Low,Medium,No,No,No,No,No,No,Yes,1
29,Postgraduate,5.4,6.2,No,Medium,Medium,Medium,1285000,Limited,No,Low,High,1,232000,95,Medium,Manual,Difficult,Medium,Active,No,Medium,Basic,Low,Good,High,Medium,High,No,No,Yes,Yes,No,Yes,No,3
41,Postgraduate,7.2,1.3,No,Medium,High,Low,250000,Good,Yes,High,Medium,3,615000,151,Low,Basic_Digital,Difficult,Medium,Active,No,High,Advanced,High,Good,High,High,High,No,No,No,No,Yes,Yes,No,3
33,Undergraduate,6.8,6.1,Yes,High,Medium,Medium,573000,Good,No,Low,High,5,1299000,168,High,Basic_Digital,Moderate,High,Active,Yes,High,No,High,Moderate,High,High,Low,Yes,No,No,No,No,No,No,2
36,Undergraduate,2.1,1.4,Yes,Medium,Medium,Medium,144000,Limited,Yes,Low,Medium,5,539000,115,High,Basic_Digital,Moderate,Medium,Basic,No,High,Basic,High,Moderate,Low,Medium,Low,Yes,Yes,No,Yes,No,No,No,8
36,Undergraduate,10.8,1.1,No,High,Medium,Medium,900000,Limited,No,Medium,Medium,6,2477000,147,Low,Advanced_Digital,Good,Medium,Basic,Yes,High,No,Medium,Moderate,High,Medium,High,No,Yes,Yes,No,No,No,No,3
33,Undergraduate,4.3,7.9,Yes,Low,Low,Medium,436000,Moderate,Yes,Medium,Medium,4,597000,62,Medium,Manual,Moderate,Medium,Basic,No,High,No,Medium,Good,High,Medium,High,No,No,No,No,No,No,Yes,6
36,Postgraduate,8.0,7.1,Yes,Medium,High,Medium,120000,Good,No,High,Medium,5,1954000,165,Medium,Manual,Moderate,Medium,Active,No,Low,No,Medium,Moderate,High,High,High,No,No,No,No,No,No,No,10
40,Undergraduate,14.3,7.1,No,Medium,High,Medium,169000,Limited,No,Low,Medium,3,180000,210,Low,Advanced_Digital,Moderate,Medium,Basic,No,Medium,No,Medium,Limited,Medium,Low,High,No,No,Yes,No,No,No,No,8
48,School,10.3,7.3,Yes,Low,High,Medium,299000,Limited,Yes,Low,Low,7,1013000,273,High,Advanced_Digital,Moderate,Low,Basic,Yes,Medium,Basic,High,Moderate,Medium,High,Medium,No,No,No,Yes,No,No,No,5
46,Diploma,1.8,3.8,No,Low,Medium,High,197000,Moderate,No,Medium,Medium,5,944000,20,Medium,Manual,Moderate,Medium,Active,Yes,High,No,Medium,Moderate,Medium,High,Medium,No,No,Yes,No,No,No,No,4
28,Postgraduate,4.7,4.3,Yes,Medium,Medium,Low,60000,Moderate,Yes,Medium,High,5,411000,226,Medium,Manual,Moderate,Low,Active,Yes,Medium,Basic,Medium,Moderate,Medium,Low,Low,No,No,No,No,No,No,No,5
38,School,4.4,2.6,No,Medium,Low,Medium,82000,Moderate,No,Low,Low,2,3613000,78,Medium,Basic_Digital,Moderate,Medium,Active,No,High,No,High,Moderate,High,Medium,Low,No,No,No,Yes,Yes,No,No,2
36,Undergraduate,5.0,7.0,No,Medium,Low,High,118000,Moderate,No,Medium,Medium,4,3467000,174,Medium,Manual,Difficult,Low,Active,No,Low,No,Medium,Limited,Medium,High,Low,No,No,Yes,Yes,No,No,No,10
52,School,5.3,7.5,Yes,Medium,Medium,Medium,686000,Moderate,No,Medium,Medium,3,986000,157,Medium,Basic_Digital,Difficult,Low,Active,No,Medium,No,Low,Moderate,High,High,High,No,No,Yes,No,No,No,Yes,5
45,School,3.4,2.9,Yes,Low,High,Medium,190000,Moderate,No,Low,Medium,5,595000,197,Low,Manual,Moderate,Low,Active,No,Low,Basic,High,Moderate,High,Medium,High,Yes,No,No,No,No,No,Yes,4
21,Diploma,6.2,3.7,No,Low,High,Low,88000,Moderate,No,High,High,3,1686000,34,Low,Manual,Moderate,Medium,Basic,No,High,Basic,Medium,Good,High,Medium,High,Yes,No,Yes,No,No,No,Yes,5
36,Postgraduate,7.3,6.6,Yes,Medium,Medium,Medium,166000,Good,Yes,Medium,Medium,4,246000,30,Medium,Advanced_Digital,Moderate,Medium,Active,No,High,No,Medium,Moderate,Medium,Low,Medium,No,No,Yes,No,No,Yes,No,3
34,Undergraduate,2.1,3.6,No,Medium,Low,Medium,278000,Moderate,No,Medium,Medium,5,1371000,154,Medium,Manual,Moderate,Medium,Basic,Yes,Medium,No,Medium,Limited,Medium,Medium,High,Yes,No,No,Yes,Yes,No,No,2
35,Undergraduate,2.5,3.1,Yes,High,Medium,Low,293000,Moderate,Yes,Medium,High,3,1014000,188,Medium,Advanced_Digital,Good,High,Active,No,Medium,Basic,Medium,Good,Medium,High,Medium,No,No,No,Yes,No,No,No,7
42,Undergraduate,10.9,1.0,No,Low,High,High,745000,Limited,Yes,Medium,High,7,469000,253,Medium,Basic_Digital,Difficult,Medium,Active,No,High,Basic,Medium,Good,Medium,Low,Medium,No,No,Yes,Yes,Yes,No,Yes,4
29,Diploma,8.4,1.1,No,Low,High,Medium,591000,Limited,No,Medium,Medium,3,1379000,193,High,Basic_Digital,Difficult,Medium,Basic,No,Low,No,Medium,Moderate,Low,Medium,High,No,No,Yes,No,Yes,No,No,2
33,Undergraduate,5.2,3.3,Yes,Medium,High,High,390000,Moderate,No,Low,Medium,8,1909000,119,High,Basic_Digital,Moderate,Medium,Basic,No,Medium,No,Low,Good,Medium,Low,Medium,No,No,Yes,Yes,Yes,No,No,3
29,Diploma,2.3,2.7,Yes,High,Medium,High,220000,Moderate,No,Medium,Medium,7,180000,226,Medium,Advanced_Digital,Moderate,Medium,Active,No,Medium,No,Medium,Moderate,Medium,Medium,Low,No,No,No,No,No,No,No,5
32,Postgraduate,5.1,0.5,No,Medium,Medium,High,175000,Moderate,No,Medium,High,4,530000,163,Medium,Manual,Moderate,Medium,Active,No,High,No,Medium,Good,Medium,High,Medium,No,No,Yes,No,No,No,No,3
25,Postgraduate,5.4,4.4,No,Low,Medium,Low,605000,Limited,No,Medium,Medium,2,832000,141,Medium,Advanced_Digital,Good,High,Basic,Yes,High,No,Medium,Limited,Medium,Medium,High,No,Yes,No,No,Yes,No,No,4
40,Undergraduate,10.9,2.4,Yes,Low,High,Medium,216000,Moderate,No,Low,High,4,1835000,168,Medium,Basic_Digital,Moderate,Medium,Basic,No,High,No,Low,Moderate,Medium,Low,Low,No,No,No,Yes,No,No,No,4
47,Undergraduate,13.9,0.5,Yes,Medium,Low,Medium,245000,Moderate,No,Low,Medium,6,963000,227,Medium,Advanced_Digital,Moderate,Low,Active,No,Low,Basic,Medium,Moderate,High,High,Medium,Yes,No,No,No,No,No,No,5
32,Undergraduate,4.8,3.4,No,Medium,Medium,Medium,365000,Good,No,Low,Medium,7,6712000,111,High,Basic_Digital,Moderate,Medium,No,No,Medium,No,High,Moderate,High,High,High,Yes,No,No,No,No,No,No,4
37,Undergraduate,13.0,8.6,No,High,Medium,Low,1012000,Moderate,No,Medium,Low,2,1251000,118,Medium,Manual,Moderate,High,Active,No,Medium,Basic,High,Limited,Low,High,Low,Yes,No,No,No,Yes,No,No,10
45,School,3.2,4.7,Yes,Medium,Medium,Medium,376000,Moderate,No,Medium,Medium,5,5126000,74,High,Manual,Difficult,Medium,Basic,No,High,Advanced,Low,Moderate,High,Medium,Medium,Yes,Yes,No,No,Yes,No,No,4
34,Undergraduate,3.1,3.6,No,Low,Low,Medium,651000,Moderate,No,Medium,Medium,3,399000,269,Medium,Manual,Good,High,Active,No,Medium,Basic,High,Moderate,Medium,Medium,High,No,No,No,No,Yes,Yes,No,5
37,Diploma,6.9,9.6,No,Low,High,Medium,703000,Limited,No,High,High,6,2311000,161,High,Manual,Good,Medium,Active,No,Medium,Basic,Medium,Good,Medium,High,High,Yes,No,No,Yes,Yes,No,No,4
38,Diploma,8.5,2.2,Yes,Low,Medium,High,166000,Moderate,Yes,High,Medium,7,2409000,101,Low,Manual,Good,Low,No,Yes,Medium,Advanced,Medium,Limited,Medium,Medium,Medium,Yes,No,No,Yes,No,No,No,3
30,School,3.7,11.1,No,Medium,High,High,717000,Good,Yes,High,Low,4,227000,120,Low,Basic_Digital,Difficult,Medium,Basic,No,Medium,No,Medium,Good,Medium,Medium,High,No,No,No,No,Yes,No,No,3
33,School,5.0,14.4,Yes,High,Low,Low,278000,Good,No,High,High,6,3584000,131,Medium,Manual,Difficult,Medium,Basic,Yes,Medium,Basic,High,Moderate,Low,High,Low,No,No,No,Yes,Yes,No,No,4
40,Undergraduate,6.3,4.7,Yes,High,Medium,Medium,421000,Good,No,Low,Medium,5,824000,171,Medium,Advanced_Digital,Good,Medium,Active,Yes,Low,No,Medium,Moderate,Low,Medium,Medium,Yes,No,Yes,No,Yes,No,No,4
37,Diploma,16.0,2.5,Yes,Medium,Medium,Medium,1872000,Good,No,Medium,High,5,1140000,190,Low,Manual,Difficult,Low,Active,No,Medium,Advanced,High,Good,High,Medium,Low,Yes,No,No,No,No,Yes,No,6
34,Undergraduate,13.7,1.3,Yes,Medium,Medium,Medium,375000,Moderate,No,High,Medium,3,1517000,195,Low,Basic_Digital,Good,Low,Active,Yes,High,No,Medium,Good,High,Medium,Medium,Yes,No,No,No,Yes,No,Yes,3
29,Undergraduate,4.1,2.1,Yes,High,Low,Medium,177000,Good,Yes,Medium,Medium,2,674000,218,High,Basic_Digital,Moderate,Medium,Active,Yes,Low,Advanced,High,Moderate,Low,High,Medium,No,No,Yes,No,No,Yes,No,9
38,Postgraduate,0.7,1.7,No,Medium,Medium,Low,714000,Moderate,No,Low,Low,9,2488000,174,Medium,Advanced_Digital,Moderate,Low,Basic,Yes,Medium,Advanced,High,Moderate,Medium,High,Medium,No,No,Yes,No,Yes,No,No,3
37,Diploma,7.5,1.6,No,Medium,Low,Medium,2442000,Moderate,No,Low,Medium,4,971000,185,Medium,Basic_Digital,Moderate,High,Basic,Yes,Medium,Advanced,High,Moderate,Low,Low,High,Yes,Yes,No,No,Yes,Yes,No,2
35,Undergraduate,6.3,12.9,Yes,High,Medium,Medium,166000,Limited,No,Medium,Medium,3,821000,180,Medium,Manual,Good,Medium,Active,Yes,Medium,Advanced,High,Good,Medium,High,Medium,No,No,No,Yes,Yes,Yes,No,3
24,School,12.4,12.6,No,Medium,High,Medium,334000,Moderate,Yes,Low,Medium,4,1320000,232,Medium,Manual,Good,Low,Basic,No,High,No,High,Moderate,Medium,High,High,Yes,No,Yes,Yes,No,Yes,No,3
31,Undergraduate,1.8,2.1,No,High,Medium,Medium,877000,Good,Yes,High,Medium,6,1989000,153,Medium,Manual,Moderate,High,Active,Yes,Medium,Basic,High,Good,High,Low,Medium,No,No,Yes,Yes,Yes,No,No,4
25,Postgraduate,1.0,4.0,No,High,High,High,273000,Moderate,Yes,Medium,High,7,1012000,135,Medium,Manual,Good,Medium,Active,No,High,No,Medium,Limited,Medium,High,High,Yes,No,Yes,No,No,No,No,4
32,Undergraduate,3.9,1.2,Yes,Medium,High,Low,327000,Limited,Yes,Low,Low,5,379000,186,High,Basic_Digital,Moderate,Medium,Basic,Yes,Medium,Advanced,High,Limited,Low,Low,Low,No,No,No,Yes,No,No,No,6
22,Undergraduate,1.7,3.3,No,Medium,High,High,364000,Limited,No,Low,Medium,2,847000,103,High,Advanced_Digital,Moderate,Medium,Active,No,Low,Basic,Medium,Good,High,Medium,Medium,Yes,No,Yes,Yes,No,No,No,5
44,School,6.6,6.9,No,High,High,High,970000,Limited,No,High,Medium,4,1029000,164,Medium,Advanced_Digital,Moderate,Medium,Active,Yes,High,No,Medium,Good,Medium,Medium,Low,No,No,No,No,Yes,No,Yes,2
31,Diploma,2.2,2.0,No,Low,Low,High,381000,Moderate,No,High,Medium,5,2044000,252,Medium,Basic_Digital,Good,Medium,Basic,Yes,High,No,Low,Moderate,Medium,Medium,Medium,Yes,No,No,No,No,No,No,6
33,School,8.9,1.6,No,Low,Medium,Medium,143000,Good,Yes,Medium,Low,3,1139000,136,Medium,Basic_Digital,Moderate,Medium,Basic,Yes,High,Advanced,High,Moderate,Low,High,Low,No,No,Yes,Yes,No,No,No,6
44,Postgraduate,7.5,3.7,Yes,Medium,High,High,166000,Limited,Yes,Medium,Medium,5,891000,124,Medium,Advanced_Digital,Moderate,Medium,Basic,Yes,Low,Basic,Medium,Moderate,High,Medium,Medium,Yes,No,No,No,No,Yes,No,4
34,Undergraduate,1.8,3.4,Yes,Low,Medium,Medium,229000,Limited,No,Low,Low,4,1123000,132,Medium,Manual,Good,High,Basic,Yes,High,Advanced,High,Limited,Medium,Medium,Low,No,No,No,No,Yes,No,No,3
28,Undergraduate,2.9,0.5,No,Medium,High,Medium,206000,Moderate,Yes,Low,Low,6,443000,98,Medium,Manual,Moderate,Medium,No,Yes,Low,Basic,Low,Moderate,Low,Low,Low,No,No,Yes,No,No,Yes,Yes,7
28,Diploma,9.6,5.7,Yes,High,High,Low,159000,Good,Yes,High,High,3,2693000,56,Medium,Advanced_Digital,Moderate,Low,Basic,Yes,Low,Basic,Low,Moderate,Medium,High,Medium,No,No,No,No,Yes,No,No,3
41,Undergraduate,4.0,4.7,Yes,High,High,Medium,327000,Moderate,Yes,Medium,Medium,4,988000,198,Medium,Manual,Moderate,High,Basic,Yes,Medium,Basic,Medium,Good,High,Low,Low,No,No,No,No,Yes,No,No,5
43,Undergraduate,4.1,7.4,Yes,High,Medium,High,231000,Moderate,No,Medium,Medium,1,1229000,128,Low,Manual,Good,Medium,Basic,No,High,No,Low,Moderate,Medium,Low,Low,Yes,No,No,No,Yes,No,No,6
40,School,4.8,5.3,No,Medium,High,Medium,492000,Moderate,Yes,Low,Medium,5,1958000,214,Medium,Advanced_Digital,Moderate,Medium,Basic,Yes,High,No,Medium,Moderate,High,Medium,Medium,No,No,No,No,Yes,No,Yes,4
43,Undergraduate,3.7,0.8,No,Low,Medium,High,563000,Moderate,Yes,Medium,Low,4,1441000,229,Medium,Basic_Digital,Moderate,High,Active,No,Medium,Basic,Medium,Good,Medium,Medium,Low,No,No,No,Yes,No,No,No,3
38,Undergraduate,1.6,6.4,No,Low,High,High,109000,Moderate,No,Low,Low,5,249000,141,Low,Basic_Digital,Moderate,High,Active,No,High,Basic,High,Good,Medium,High,Low,Yes,No,No,Yes,Yes,Yes,No,2
32,Undergraduate,8.1,12.7,Yes,High,High,Low,1037000,Moderate,No,High,Medium,6,1005000,73,Low,Manual,Good,High,Basic,No,High,Advanced,Medium,Good,Low,Medium,Medium,Yes,Yes,No,Yes,No,Yes,No,2
38,Undergraduate,4.3,4.0,Yes,Medium,High,High,2045000,Limited,No,Medium,Medium,5,931000,161,Medium,Manual,Moderate,Low,Basic,Yes,High,No,High,Moderate,Medium,High,Low,Yes,No,Yes,Yes,Yes,No,No,4
30,Postgraduate,7.5,9.3,No,High,Low,Medium,643000,Good,No,High,Medium,3,1647000,114,High,Manual,Difficult,Medium,Active,Yes,High,No,Medium,Moderate,Medium,Low,Medium,No,No,Yes,No,No,No,No,3
30,Undergraduate,3.2,2.3,Yes,Medium,Medium,High,323000,Moderate,No,High,Medium,5,884000,223,Medium,Manual,Moderate,Medium,No,No,Medium,Advanced,High,Good,Medium,High,Medium,Yes,No,Yes,No,No,No,No,5
35,School,7.5,7.6,No,Low,Medium,Medium,780000,Moderate,No,High,Low,3,431000,87,High,Manual,Moderate,Low,Active,No,Low,No,High,Moderate,High,Medium,Low,Yes,No,No,No,No,Yes,No,4
24,Diploma,1.8,14.2,Yes,Medium,Medium,Low,166000,Limited,No,Medium,Low,3,2904000,161,Medium,Basic_Digital,Moderate,Low,Active,Yes,Low,No,Medium,Good,Medium,Medium,Low,Yes,No,Yes,No,Yes,No,No,5
26,Diploma,1.6,8.6,Yes,Medium,Medium,Medium,271000,Moderate,Yes,Medium,Low,6,3136000,269,Medium,Manual,Moderate,Low,Basic,Yes,Low,Basic,High,Good,Medium,Low,Low,Yes,Yes,No,No,No,No,No,3
40,Undergraduate,1.4,1.7,Yes,Medium,High,Medium,190000,Moderate,No,Medium,Medium,5,847000,135,Medium,Basic_Digital,Difficult,Medium,Active,Yes,High,No,Medium,Moderate,Medium,Medium,High,No,No,No,No,No,No,No,6
32,Undergraduate,5.3,3.7,Yes,Medium,Medium,Low,160000,Good,No,Low,Medium,8,1724000,136,Low,Manual,Moderate,Medium,Basic,No,High,No,High,Moderate,High,Low,Medium,Yes,No,Yes,No,No,Yes,No,4
21,School,3.1,1.0,No,Low,Low,Medium,313000,Good,No,Medium,High,3,1261000,216,High,Manual,Good,Low,Basic,Yes,Medium,Advanced,Medium,Good,Medium,Medium,Medium,No,No,No,No,Yes,No,No,2
29,Undergraduate,1.0,1.8,Yes,Medium,Medium,Medium,245000,Good,No,Low,Low,2,180000,199,High,Manual,Good,Medium,Active,Yes,Low,Basic,High,Moderate,Medium,Medium,Low,Yes,No,No,Yes,Yes,No,No,1
39,Diploma,6.3,17.6,Yes,Medium,Medium,Low,407000,Good,Yes,High,High,3,2499000,246,Low,Manual,Moderate,Low,Active,Yes,Low,Basic,Low,Limited,Low,Medium,Medium,No,No,No,No,Yes,No,No,1
36,School,2.2,5.9,Yes,Low,Medium,Medium,512000,Limited,No,Medium,Medium,6,1087000,105,Low,Manual,Difficult,High,Basic,Yes,Medium,No,Low,Limited,Medium,High,High,Yes,No,Yes,No,Yes,Yes,Yes,6
21,Postgraduate,6.0,3.1,No,High,High,Medium,277000,Limited,No,Medium,Low,2,689000,133,High,Advanced_Digital,Good,Low,Active,No,Medium,No,Medium,Good,Medium,Low,Medium,No,Yes,Yes,No,No,No,No,5
44,Undergraduate,6.1,10.4,Yes,Medium,Low,Medium,389000,Moderate,No,Medium,Low,2,1168000,157,Medium,Basic_Digital,Moderate,High,Active,No,Medium,Basic,Low,Limited,Medium,High,Low,No,No,Yes,Yes,No,No,No,3
36,Diploma,6.1,18.0,Yes,Medium,Low,Medium,90000,Moderate,Yes,Medium,High,4,809000,201,Low,Manual,Good,High,Basic,Yes,Medium,Basic,Low,Moderate,High,High,Medium,No,Yes,No,No,Yes,No,No,3
